Metric,Value
Mean Squared Error,7932369.351015287
Mean Absolute Error,2409.563452863679
R2 Score,0.9860578135419833
